{"val_acc": [0.4533, 0.6426, 0.7118, 0.722, 0.7647, 0.7696, 0.7744, 0.7782, 0.7747, 0.788, 0.7875, 0.7906, 0.7924], "acc": [0.46412, 0.59668, 0.65712, 0.69306, 0.7416, 0.75922, 0.7646, 0.77282, 0.7827, 0.79118, 0.79554, 0.79684, 0.80316], "loss": [1.6199583954238892, 1.1674247997283935, 0.9855459873199462, 0.8834239287948609, 0.7340296798896789, 0.6830488355636597, 0.6612424055862427, 0.6418455639648437, 0.6211824167251587, 0.5892568125534058, 0.5760083191299439, 0.5754580117034912, 0.5600054166030883], "val_loss": [1.6045101428985595, 1.0147771669387817, 0.8369633330345154, 0.7946873511314392, 0.6677789901733399, 0.6495858505249024, 0.6431555731773376, 0.632241552734375, 0.6498718181610107, 0.6143531785011291, 0.6052984281539917, 0.5959825093269349, 0.5955310640335083]}