{"val_loss": [1.1547352146148682, 0.9263766761779785, 0.8283278140068054, 0.6806647137165069, 0.7265291518211364, 0.6700644985198975, 0.5842019937992096, 0.5209994521617889, 0.544642759513855, 0.5233392331123352, 0.4539779838562012, 0.47934807467460633, 0.4844038191795349, 0.43321963291168214, 0.4425994426727295, 0.4024849184513092, 0.4246036437034607, 0.41476054849624633, 0.3820681415557861, 0.43229213156700136, 0.38413278317451477, 0.41289591937065123, 0.38295855364799497, 0.3649626760482788, 0.3742511921882629, 0.39245667066574097, 0.39265634775161745, 0.3717412935256958, 0.36420955443382264, 0.39195404901504516, 0.376411781835556, 0.40799153032302854, 0.3669072772026062, 0.3935245578765869, 0.3768614842414856, 0.3955875607967377, 0.38087251119613647, 0.3715116891384125, 0.36184294123649596, 0.37648246989250184, 0.3606556658744812, 0.3605099816322327, 0.367494193983078, 0.3815845078468323, 0.37891306748390197, 0.3705014196872711, 0.39165892777442934, 0.3766640861749649, 0.37607436413764955, 0.36669237685203554, 0.362747163105011, 0.376494217813015, 0.3697068030357361, 0.3673431441307068, 0.36207646679878236, 0.38415809416770935, 0.36200104842185976, 0.3714761067390442, 0.373180596780777, 0.36242256388664246, 0.3606281750202179, 0.3649802472114563, 0.3643006712913513, 0.3618486791014671, 0.3569369771242142, 0.3559879194974899, 0.3572601815700531, 0.3551075077295303, 0.3558292377948761, 0.35667800979614256], "loss": [1.4444885211126883, 1.0297362703957722, 0.8463837442127644, 0.7287708203672637, 0.6543691225901356, 0.5929200995888935, 0.5439696090414676, 0.5079538282848481, 0.4689462307705707, 0.44054263671672106, 0.4189400548203104, 0.39498290544670006, 0.37803049419446466, 0.3595176190185608, 0.3352680249364664, 0.3236667678471522, 0.3084560759706934, 0.2911103118386493, 0.2794007870945477, 0.2687474608956068, 0.25713082246102803, 0.24674239462478464, 0.23588719435492145, 0.2255410306950633, 0.21950744537923703, 0.20944280435893062, 0.19993994036228066, 0.18763993803897525, 0.1820482505423944, 0.17544229534890016, 0.1638209072300655, 0.1596670786431492, 0.15515474565458465, 0.15065042389027394, 0.14595973840586737, 0.13804849533864785, 0.13572575979815657, 0.1260166472657794, 0.1219356638576044, 0.11509962022920443, 0.11153116575282608, 0.10685115321998445, 0.10386693193753459, 0.1018261857824958, 0.095786061848119, 0.09183990364271798, 0.0875812582946175, 0.0820860382997858, 0.08037500159838229, 0.076914876005954, 0.07134863428499351, 0.07075509840777118, 0.06948254404614003, 0.06471002155342562, 0.06235107315423129, 0.05922873136571029, 0.05610436735026033, 0.05509432775014444, 0.05188768254008702, 0.051446036896844606, 0.04906661097540406, 0.04809089316617971, 0.04610174135965955, 0.04443355026967926, 0.043156102772364056, 0.041390331097822114, 0.040791926132046574, 0.04084223328747311, 0.03985239230949779, 0.03979071338584325], "acc": [0.4800144184556232, 0.6366949695610381, 0.7047620954822172, 0.7480775392502403, 0.7742310157000961, 0.7968800064082024, 0.8130206664530599, 0.8257369432874079, 0.8405759371996155, 0.8482057033002243, 0.8569168535725729, 0.8653276193527716, 0.869352771547581, 0.8762816404998398, 0.8850128164049984, 0.8893383530919577, 0.893703941044537, 0.8993311438641461, 0.9036366549182954, 0.9067005767382249, 0.9119873438000641, 0.9150712912528036, 0.9188961871195129, 0.9222004165331624, 0.924643543735982, 0.9278876962512015, 0.9313921819929509, 0.9348766421018904, 0.9354373598205703, 0.9394024351169497, 0.9427667414290292, 0.943968279397629, 0.9449495354053188, 0.9482537648189683, 0.9499039692701664, 0.9517519243104554, 0.9529597885293175, 0.9570450176225569, 0.9571851970522268, 0.9604093239346363, 0.9616509131688561, 0.9630281690140845, 0.964099583066068, 0.9649351169496956, 0.9663168856135854, 0.968760012816405, 0.9694208586991349, 0.9724046779878244, 0.9720642422300545, 0.9736462672220442, 0.9758290611983339, 0.9760493431592439, 0.9769705222685037, 0.9786526754245434, 0.9791533162447933, 0.9797140339634732, 0.9821342829705506, 0.9810174791533034, 0.9826944622279129, 0.9834429121231558, 0.9843599807753926, 0.9844400833066325, 0.9845001602050625, 0.9854814162127523, 0.9861823133611022, 0.9870634412047421, 0.9868231336110221, 0.9869633130406921, 0.987504005126562, 0.9876842358218519], "val_acc": [0.5774, 0.6757, 0.717, 0.7633, 0.759, 0.7743, 0.8, 0.8212, 0.8218, 0.8245, 0.8469, 0.8382, 0.8335, 0.8532, 0.8551, 0.865, 0.8607, 0.8658, 0.8747, 0.8605, 0.8768, 0.8676, 0.8778, 0.8809, 0.8803, 0.8792, 0.876, 0.8863, 0.8888, 0.8797, 0.8854, 0.8777, 0.8897, 0.8796, 0.8858, 0.88, 0.8889, 0.8896, 0.8934, 0.889, 0.8933, 0.8916, 0.8938, 0.8908, 0.8905, 0.8933, 0.89, 0.894, 0.8939, 0.894, 0.8972, 0.897, 0.8974, 0.8987, 0.9002, 0.8952, 0.9018, 0.8985, 0.9006, 0.9021, 0.9019, 0.9017, 0.9027, 0.9041, 0.9055, 0.9056, 0.9057, 0.905, 0.9051, 0.905]}