{"loss": [1.6812446184158325, 1.2276487928390503, 1.0345387992858888, 0.902344534072876, 0.7509617770385743, 0.6912430939865112, 0.6687777912139893, 0.6452682327079773, 0.6254475407409668, 0.593419269065857, 0.5831248975276947, 0.5793405466079712, 0.5748178535079956, 0.5671447663640976, 0.5593498310852051, 0.549698712348938, 0.5494228278732299, 0.5488888157272339, 0.5435700042915345, 0.5475076193237305, 0.5458686135292053, 0.5491876742172241, 0.5436633371925353, 0.5427973617935181, 0.5381486354637146, 0.5442519346618653, 0.539963527469635, 0.5478281993103027, 0.5439845104312897, 0.5426486983060836, 0.5415052186012268, 0.5443603644943237, 0.5450559730148316, 0.542746326379776, 0.5440620128440857, 0.541123526878357, 0.5412124028778076, 0.5417864373683929, 0.5426890475845337, 0.5412032051086426, 0.5416211702728272, 0.54607203830719, 0.5441797405052186, 0.5456755815887451, 0.5412569842529297, 0.5425812412643433, 0.5398320799064636, 0.5433670663452148, 0.5417752501106262, 0.5379926100158692, 0.5401237873840332, 0.5457387939834595, 0.5445240567684173, 0.5437680631256103, 0.5351388165664673, 0.5431678580665589, 0.5409639155769348, 0.5435807128334046, 0.5455862018966675, 0.5447160548973083, 0.5401911965942383, 0.5453166303825379, 0.5456731157302857, 0.5447284773445129, 0.5445112774848938, 0.5386989345073699, 0.5484221569061279, 0.5388752236557007, 0.5456566602993012, 0.5416171904373169, 0.5423695309829711, 0.5428729311752319, 0.5404988806533814, 0.5434307933616638, 0.5427785180664062, 0.5448688214874268, 0.5404876782798768, 0.5421273110580445, 0.5420664041137695, 0.5425345740127564, 0.5450888083839417, 0.5440702803039551, 0.5434120575141906, 0.5412401807594299, 0.5413248971176148, 0.5419962861633301, 0.5417671515655518, 0.5419660850524902, 0.5437448162078857, 0.546828916091919, 0.5412385513305664, 0.5442882564544678, 0.5439610245227814, 0.5432276976776123, 0.542863992357254, 0.54407082447052, 0.538738145866394, 0.5404608969306945, 0.541461693649292, 0.5438614559841156], "val_loss": [1.333425389099121, 1.0264401613235474, 0.9134984336853027, 0.8381867095947265, 0.6872977339744568, 0.6558662201881409, 0.6495218956947326, 0.6507910486221313, 0.6210767143249512, 0.6116924402236938, 0.6089346623420715, 0.6120335956573486, 0.5999709355354309, 0.6073774126052857, 0.5961428833007812, 0.5978903736114501, 0.5966985788345337, 0.5952808663368225, 0.5944414932250977, 0.5940762001037597, 0.5939854354858398, 0.5943941856384277, 0.5944068823814392, 0.5932577283859253, 0.593571897315979, 0.5927179616928101, 0.5948062173843384, 0.5935356771469116, 0.5922581149101257, 0.5930476658821106, 0.5936027946472168, 0.5937171822547913, 0.594038615322113, 0.5935046097755432, 0.594050464630127, 0.5939151085853577, 0.5934434980392456, 0.5936894290924072, 0.5940282976150513, 0.5941528893470764, 0.5938401889801025, 0.5934407622337341, 0.5938707386016846, 0.5924851655006409, 0.5931608699798584, 0.5919159746170044, 0.5934178840637208, 0.5932680955886841, 0.5944356252670288, 0.5935395179748535, 0.5929975522041321, 0.5944885572433471, 0.592869157409668, 0.593640378856659, 0.594132670211792, 0.5938676553726197, 0.5938342460632324, 0.5925770591735839, 0.5934735103607178, 0.5938973830223083, 0.5939210122108459, 0.5936190295219421, 0.5943885098457337, 0.5936249550819397, 0.5927836473464966, 0.5939189640045166, 0.5944252581596374, 0.5933103874206543, 0.5935476878166198, 0.592062255191803, 0.5940205066680908, 0.5930052640914917, 0.5951781248092651, 0.5942068763732911, 0.595024300479889, 0.5931239384651185, 0.5948665007591247, 0.593766439819336, 0.5940969919204712, 0.5934722408294678, 0.5942341638565063, 0.5925105683326721, 0.5936632118225098, 0.5931137922286988, 0.5937902471542359, 0.5930977890014648, 0.5938929208755493, 0.5934204029083252, 0.5943174344062805, 0.593982164478302, 0.5941796814918519, 0.593443568611145, 0.5927666159629822, 0.5938953711509705, 0.5935585700988769, 0.5922711874008179, 0.5935501168251037, 0.5940360489845276, 0.5945766889572144, 0.5926076362609863], "val_acc": [0.5307, 0.6347, 0.6833, 0.7078, 0.7541, 0.7646, 0.7717, 0.7725, 0.7799, 0.7841, 0.7844, 0.7838, 0.788, 0.7866, 0.7901, 0.7896, 0.789, 0.79, 0.7916, 0.7915, 0.7919, 0.7909, 0.7911, 0.7918, 0.7915, 0.7912, 0.7914, 0.7912, 0.7926, 0.792, 0.7909, 0.7915, 0.7915, 0.7916, 0.7908, 0.7915, 0.7919, 0.7923, 0.7914, 0.7916, 0.791, 0.7919, 0.7912, 0.7918, 0.7914, 0.7921, 0.7905, 0.7914, 0.7906, 0.7909, 0.7917, 0.7908, 0.7917, 0.7916, 0.7918, 0.7909, 0.791, 0.7915, 0.7909, 0.7908, 0.7919, 0.7914, 0.792, 0.7914, 0.792, 0.7904, 0.7909, 0.791, 0.7915, 0.7906, 0.7917, 0.7908, 0.7907, 0.7915, 0.792, 0.7924, 0.7919, 0.7912, 0.7913, 0.7914, 0.7913, 0.7913, 0.7919, 0.7913, 0.7917, 0.7918, 0.7917, 0.7918, 0.7915, 0.7909, 0.7907, 0.7919, 0.7917, 0.7916, 0.7911, 0.7925, 0.7915, 0.7908, 0.7913, 0.7912], "acc": [0.44242, 0.57546, 0.64014, 0.6883, 0.73604, 0.75788, 0.76308, 0.7717, 0.77868, 0.78974, 0.79252, 0.79494, 0.79612, 0.80078, 0.8015, 0.80604, 0.80494, 0.80702, 0.80876, 0.80678, 0.806, 0.80676, 0.80964, 0.80852, 0.81052, 0.8079, 0.80904, 0.80634, 0.80844, 0.80928, 0.80854, 0.80692, 0.80826, 0.80802, 0.80678, 0.80896, 0.80842, 0.81032, 0.80812, 0.80812, 0.80696, 0.80834, 0.80872, 0.80776, 0.80804, 0.80924, 0.80842, 0.80822, 0.80862, 0.80964, 0.80954, 0.8054, 0.80796, 0.80864, 0.81174, 0.80784, 0.80918, 0.8093, 0.80806, 0.80832, 0.81042, 0.80846, 0.80722, 0.80738, 0.80698, 0.80746, 0.80516, 0.8103, 0.80768, 0.80942, 0.8085, 0.80778, 0.8105, 0.80878, 0.80904, 0.8086, 0.80958, 0.80954, 0.81048, 0.80768, 0.80598, 0.80776, 0.8069, 0.80928, 0.80842, 0.80922, 0.80976, 0.80868, 0.80806, 0.80794, 0.80844, 0.80834, 0.80784, 0.80842, 0.80652, 0.80656, 0.80968, 0.80892, 0.80886, 0.80832]}