{"B": 101.3641702094184, "R": 122.4969533718533, "G": 114.28899011501736}