{"B": 106.28384256973267, "R": 125.1747090057373, "G": 116.08147645950318}